,customer_id,customer_income,customer_electricity_bill,residence_latitude,residence_longitude,customer_cibil,customer_status,customer_verified,gurantor_income,gurantor_electricity_bill,gurantor_worthy,gurantor_cibil,gurantor_residence_latitude,gurantor_residence_longitude,location_category,competition,taxReturns,credit,bank_account,shop_latitude,shop_longitude,shop_area,shop_rating,shop_electricity_bill,shop_ownership,shop_warehouse_number,shop_warehouse_area,items,loan_amount,loan_status
0,1,117000,1779,22,75,266,7,0,98455,404,0,109,22,75,1,0,73474,276,250000,22,75,903,2,525,2,1,649,951856,376264,1
1,2,65000,1399,22,75,102,7,0,38545,1085,0,384,22,75,1,0,10677,970,270000,22,75,845,3,939,0,2,230,268109,275602,1
2,3,43057,855,22,75,286,7,1,31405,301,0,662,22,75,1,0,88160,388,260000,22,75,436,3,626,2,2,504,560159,519305,1
3,4,54000,1055,22,75,230,7,0,46909,1954,0,179,22,75,0,0,55395,797,130000,22,75,761,4,944,2,2,903,159622,127947,1
4,5,55000,1464,22,75,152,7,2,43631,1921,0,194,22,75,1,0,74415,742,430000,22,75,231,3,925,0,3,823,247764,371291,0
5,6,86788,1385,22,75,143,7,2,42248,1869,0,851,22,75,0,0,87799,245,230000,22,75,631,3,579,0,3,419,301277,705083,1
6,7,125000,1308,22,75,247,7,1,110500,1747,0,484,22,75,1,0,10709,841,250000,22,75,830,2,656,0,4,657,655767,913102,1
7,8,46000,1281,22,75,280,7,0,24669,1918,0,342,22,75,1,0,14573,981,150000,22,75,831,2,591,2,3,880,805982,854494,1
8,9,103000,1403,22,75,187,7,2,38501,921,0,107,22,75,1,0,13550,476,400000,22,75,404,2,551,2,7,749,690658,914215,1
9,10,115000,997,22,75,124,7,2,10189,654,0,316,22,75,1,0,83562,627,370000,22,75,891,3,391,0,3,295,109580,403505,1
10,11,95000,1882,22,75,132,7,2,53589,1560,0,446,22,75,0,0,98940,355,260000,22,75,543,4,523,2,2,761,756514,827292,1
11,12,130000,313,22,75,277,7,2,4875,423,0,839,22,75,1,0,97057,235,610000,22,75,785,3,357,0,1,867,789173,326738,1
12,13,55000,1465,22,75,171,7,0,27912,619,0,295,22,75,0,0,17487,284,350000,22,75,604,1,364,1,6,627,796200,488444,1
13,14,157000,1644,22,75,196,7,2,109319,1262,0,393,22,75,0,0,48329,450,270000,22,75,260,2,724,0,3,538,603804,366419,1
14,15,65000,1030,22,75,271,7,2,3685,231,0,824,22,75,0,0,81110,843,350000,22,75,462,4,864,0,5,430,251416,645124,1
15,16,45000,1207,22,75,188,7,0,35928,503,0,870,22,75,0,0,13911,520,230000,22,75,982,3,713,0,2,811,645824,569664,1
16,17,72000,881,22,75,144,7,2,51026,1521,0,640,22,75,1,0,82383,288,220000,22,75,824,3,440,0,6,294,269212,334700,1
17,18,81000,1175,22,75,257,7,0,28544,1576,0,833,22,75,1,0,11544,765,200000,22,75,575,4,724,0,4,298,498379,826641,1
18,19,130580,1155,22,75,275,7,2,94161,919,0,659,22,75,0,0,95525,479,360000,22,75,910,2,465,2,5,870,544267,160099,1
19,20,85000,415,22,75,212,7,0,32767,872,0,284,22,75,0,0,85151,545,380000,22,75,400,4,986,0,5,511,688493,935204,1
20,21,65000,709,22,75,293,7,1,57213,775,0,750,22,75,1,0,56763,751,230000,22,75,860,1,558,2,6,399,283452,649662,1
21,22,54800,587,22,75,291,7,0,39505,915,0,544,22,75,0,0,31904,275,360000,22,75,929,3,418,0,6,572,174790,716062,1
22,23,24000,1900,22,75,214,7,0,23808,469,0,378,22,75,1,0,11793,277,70000,22,75,439,1,652,1,4,495,470841,177209,1
23,24,55000,1348,22,75,177,7,1,50809,1860,0,207,22,75,0,0,33879,223,180000,22,75,692,2,614,1,4,475,867912,337701,1
24,25,75000,619,22,75,274,7,2,5032,715,0,379,22,75,1,0,74527,698,260000,22,75,568,1,609,2,1,304,307861,849885,1
25,26,46680,776,22,75,286,7,0,41050,598,0,125,22,75,0,0,24863,990,100000,22,75,353,2,562,2,5,499,867668,596988,0
26,27,35000,1150,22,75,114,7,1,22970,1763,0,296,22,75,0,0,11064,584,170000,22,75,825,2,563,2,2,419,129342,713542,0
27,28,80000,1066,22,75,199,7,2,44248,493,0,839,22,75,1,0,65912,487,230000,22,75,823,2,543,2,7,583,640149,677092,1
28,29,79000,1255,22,75,187,7,2,50749,1523,0,365,22,75,1,0,77097,303,250000,22,75,435,4,304,0,3,288,492319,831217,1
29,30,87000,495,22,75,259,7,1,82371,619,0,759,22,75,0,0,51899,298,290000,22,75,350,1,624,0,6,710,466102,952860,1
30,31,71000,1421,22,75,240,7,1,32390,1896,0,228,22,75,0,0,72890,452,350000,22,75,237,2,217,2,4,537,182402,614148,1
31,32,29400,1335,22,75,256,7,0,20039,891,0,758,22,75,0,0,10060,520,170000,22,75,979,1,821,2,6,697,293103,320008,1
32,33,64000,1591,22,75,234,7,1,60736,919,0,471,22,75,1,0,93331,367,180000,22,75,860,3,709,1,1,919,472507,527338,1
33,34,95000,254,22,75,206,7,1,44650,1121,0,671,22,75,0,0,74975,364,170000,22,75,321,3,438,2,3,791,801835,583744,1
34,35,43000,1294,22,75,175,7,0,35113,1843,0,627,22,75,0,0,99262,390,160000,22,75,274,3,548,2,2,316,647758,217322,1
35,36,34000,1527,22,75,227,7,2,8313,574,0,495,22,75,1,0,20174,775,200000,22,75,710,1,908,2,6,314,535850,939785,1
36,37,22500,530,22,75,247,7,2,16794,1267,0,329,22,75,0,0,84087,357,70000,22,75,347,3,334,2,1,945,891405,435676,0
37,38,90000,1586,22,75,163,7,0,59535,1876,0,113,22,75,1,0,21319,450,400000,22,75,853,4,710,0,5,920,861584,824278,1
38,39,52000,1149,22,75,206,7,2,41974,1833,0,164,22,75,0,0,63587,473,210000,22,75,245,1,390,2,2,659,897819,461521,1
39,40,51840,378,22,75,251,7,1,22654,1018,0,384,22,75,1,0,90672,709,220000,22,75,603,4,741,2,5,252,923166,430852,1
40,41,130000,1857,22,75,245,7,2,98501,1092,0,870,22,75,1,0,75672,527,270000,22,75,706,4,710,0,5,776,557120,755425,1
41,42,52000,536,22,75,212,7,2,9006,1799,0,899,22,75,0,0,89564,787,160000,22,75,253,3,428,2,4,432,244592,431573,0
42,43,80000,889,22,75,145,7,1,78136,1969,0,839,22,75,1,0,79510,510,350000,22,75,593,2,847,0,1,214,652407,163639,1
43,44,120000,1016,22,75,180,7,2,68028,1460,0,238,22,75,1,0,13604,767,340000,22,75,288,1,878,2,5,723,815747,490812,1
44,45,30000,966,22,75,110,7,1,25566,388,0,176,22,75,0,0,28421,648,150000,22,75,941,4,407,2,3,438,611271,767480,1
45,46,21000,787,22,75,255,7,2,6720,1191,0,462,22,75,0,0,87616,508,210000,22,75,601,1,887,2,5,202,189850,538462,1
46,47,78000,642,22,75,147,7,1,60925,1439,0,148,22,75,0,0,37928,675,230000,22,75,280,1,823,0,2,866,306838,566202,1
47,48,64000,429,22,75,291,7,2,33414,1055,0,591,22,75,0,0,74872,418,370000,22,75,693,4,438,0,7,434,217782,537621,1
48,49,40000,1047,22,75,130,7,1,33956,1743,0,671,22,75,1,0,72469,992,200000,22,75,868,4,475,2,6,964,473530,561685,0
49,50,90000,965,22,75,227,7,2,19377,558,0,498,22,75,1,0,60368,568,180000,22,75,426,3,548,0,5,514,266588,517599,1
50,51,58000,1909,22,75,287,7,0,51411,1922,0,684,22,75,1,0,89520,747,160000,22,75,239,3,636,1,2,440,337518,398393,1
51,52,75000,421,22,75,158,7,1,11242,1997,0,665,22,75,0,0,35780,986,230000,22,75,425,3,239,0,1,609,836504,258006,1
52,53,55000,1994,22,75,186,7,1,29436,917,0,877,22,75,0,0,17885,894,360000,22,75,781,4,582,1,1,860,239960,583970,1
53,54,100000,1159,22,75,242,7,0,90170,1587,0,765,22,75,0,0,23961,472,290000,22,75,829,2,605,0,1,393,736537,855389,1
54,55,60000,966,22,75,152,7,1,52572,1486,0,183,22,75,0,0,31434,487,200000,22,75,721,2,826,0,4,343,215950,967232,0
55,56,40000,1736,22,75,213,7,0,23228,749,0,620,22,75,0,0,41918,290,90000,22,75,953,4,607,1,1,798,820423,82029,1
56,57,38000,1040,22,75,101,7,0,27683,613,0,538,22,75,0,0,55224,793,140000,22,75,506,3,500,0,4,315,823062,740535,1
57,58,118497,288,22,75,169,7,2,46984,751,0,890,22,75,0,0,86065,399,590000,22,75,215,3,412,0,1,645,918443,921198,1
58,59,32000,1090,22,75,226,7,2,27865,721,0,476,22,75,0,0,18527,863,70000,22,75,759,2,281,0,3,230,254256,986456,1
59,60,50000,1609,22,75,105,7,2,38605,1982,0,178,22,75,1,0,51751,683,230000,22,75,399,4,698,2,5,280,558695,585090,1
60,61,59500,868,22,75,271,7,0,58369,1715,0,244,22,75,0,0,47450,920,350000,22,75,840,3,683,0,1,440,256805,636070,1
61,62,80000,1111,22,75,157,7,1,39232,336,0,257,22,75,1,0,97812,549,410000,22,75,501,2,389,0,2,252,361373,486460,1
62,63,66000,1086,22,75,256,7,0,49123,813,0,398,22,75,0,0,76583,715,170000,22,75,734,2,214,2,5,875,851519,161047,1
63,64,76000,1549,22,75,296,7,2,25946,1082,0,800,22,75,1,0,53144,211,190000,22,75,381,4,591,2,2,460,389083,619765,1
64,65,60000,1928,22,75,265,7,1,28584,1261,0,215,22,75,1,0,60220,217,140000,22,75,797,3,358,2,7,562,712368,76075,1
65,66,61000,1650,22,75,208,7,2,22576,1416,0,835,22,75,1,0,62970,544,190000,22,75,380,2,348,2,3,416,315795,843546,1
66,67,47000,1397,22,75,151,7,2,3125,1534,0,264,22,75,0,0,10742,909,230000,22,75,992,3,506,0,1,245,306267,64722,1
67,68,128000,949,22,75,203,7,2,41484,1741,0,390,22,75,0,0,68702,555,210000,22,75,268,1,966,0,6,739,534743,143733,1
68,69,40000,675,22,75,139,7,2,18484,1326,0,439,22,75,1,0,77959,419,120000,22,75,758,3,280,2,2,331,678724,716024,1
69,70,52000,455,22,75,141,7,0,45479,400,0,284,22,75,1,0,40662,759,90000,22,75,743,4,267,0,6,225,688506,283778,0
70,71,50000,743,22,75,134,7,1,40055,251,0,424,22,75,0,0,24505,874,210000,22,75,918,1,953,2,3,834,517939,363391,1
71,72,33000,1800,22,75,139,7,0,7850,841,0,667,22,75,1,0,38728,781,300000,22,75,367,3,662,2,5,440,942506,79838,1
72,73,30000,1681,22,75,266,7,0,27108,644,0,357,22,75,0,0,33281,200,130000,22,75,805,4,203,2,3,483,197361,962387,0
73,74,33000,677,22,75,101,7,2,23806,1200,0,645,22,75,0,0,94906,583,300000,22,75,596,1,305,2,5,208,425809,89883,1
74,75,55200,249,22,75,173,7,0,23995,868,0,168,22,75,1,0,83337,885,270000,22,75,777,1,486,0,3,263,310828,114347,1
75,76,45000,1174,22,75,283,7,1,36607,1078,0,721,22,75,1,0,32986,430,100000,22,75,847,1,946,2,6,956,247538,143461,1
76,77,80000,300,22,75,195,7,0,4128,276,0,768,22,75,1,0,45024,490,560000,22,75,835,1,878,1,6,235,858814,322043,1
77,78,135000,1121,22,75,217,7,2,6169,1093,0,732,22,75,0,0,56633,224,260000,22,75,356,1,916,2,3,926,960838,947142,1
78,79,95000,1529,22,75,119,7,1,37563,499,0,822,22,75,1,0,65999,274,260000,22,75,588,3,450,0,1,480,932929,376211,0
79,80,92000,626,22,75,228,7,2,4075,1002,0,812,22,75,1,0,89233,200,240000,22,75,391,4,958,0,1,734,993957,586405,1
80,81,48000,1430,22,75,252,7,1,18820,1271,0,849,22,75,0,0,44690,782,280000,22,75,210,4,865,2,6,599,586622,364138,1
81,82,40000,533,22,75,195,7,0,37848,1495,0,356,22,75,0,0,19357,619,180000,22,75,598,3,541,1,6,975,473047,819535,0
82,83,29500,1235,22,75,131,7,0,8882,675,0,598,22,75,0,0,51614,570,120000,22,75,622,4,307,2,4,336,584406,117510,0
83,84,80000,1590,22,75,287,7,1,55296,605,0,245,22,75,1,0,22077,318,260000,22,75,298,1,577,2,6,833,538202,813142,1
84,85,72000,1938,22,75,233,7,0,65016,1433,0,416,22,75,1,0,46396,873,430000,22,75,795,2,577,2,3,738,627661,130735,0
85,86,63000,1615,22,75,174,7,2,6766,1951,0,723,22,75,1,0,35254,824,80000,22,75,473,1,633,0,7,288,362470,102034,1
86,87,39000,732,22,75,191,7,0,20560,1883,0,484,22,75,1,0,76027,238,260000,22,75,404,2,398,2,6,436,959227,538163,1
87,88,187321,351,22,75,279,7,2,37876,289,0,140,22,75,0,0,13183,762,520000,22,75,275,2,442,0,7,733,115251,258779,1
88,89,45000,1182,22,75,208,7,0,42430,838,0,476,22,75,0,0,30292,751,310000,22,75,857,2,933,2,4,537,678316,383958,1
89,90,80000,369,22,75,238,7,1,4992,372,0,783,22,75,1,0,82572,248,340000,22,75,857,1,585,0,5,826,888922,330177,1
90,91,90000,1388,22,75,208,7,1,79551,1225,0,217,22,75,0,0,74573,562,160000,22,75,841,2,390,0,2,776,216872,977200,1
91,92,65800,1874,22,75,243,7,2,54271,688,0,535,22,75,0,0,16899,368,310000,22,75,500,2,237,0,1,231,415844,145465,0
92,93,39000,1319,22,75,152,7,1,31324,712,0,558,22,75,1,0,47524,971,130000,22,75,930,1,541,2,6,596,509201,597617,1
93,94,52000,1509,22,75,245,7,0,34751,669,0,575,22,75,1,0,93035,381,190000,22,75,872,4,828,2,3,776,858598,212008,1
94,95,75000,781,22,75,114,7,0,4935,1875,0,421,22,75,1,0,83213,793,160000,22,75,387,2,402,0,2,866,289085,641651,1
95,96,101000,1677,22,75,238,7,2,75921,1717,0,496,22,75,1,0,84080,788,150000,22,75,712,3,975,2,4,471,839805,309800,1
96,97,43000,1931,22,75,198,7,2,25112,1897,0,188,22,75,1,0,51738,241,310000,22,75,309,4,554,0,2,855,506111,212134,1
97,98,56000,1932,22,75,182,7,2,17959,949,0,528,22,75,1,0,96428,204,440000,22,75,863,2,201,0,3,437,435654,432759,0
98,99,46200,916,22,75,201,7,2,28542,1733,0,281,22,75,1,0,67041,574,220000,22,75,968,1,926,0,1,620,861429,297413,1
99,100,150000,491,22,75,233,7,1,13440,1607,0,717,22,75,0,0,23511,868,200000,22,75,392,2,351,2,1,600,315584,929136,1
100,101,87000,1022,22,75,166,7,2,3984,1015,0,362,22,75,1,0,95802,783,350000,22,75,389,1,577,0,4,452,680855,744859,1
101,102,41000,404,22,75,186,7,1,34837,1031,0,845,22,75,1,0,98838,487,120000,22,75,770,1,318,2,5,440,582377,219082,0
102,103,59500,1435,22,75,264,7,2,39067,1702,0,806,22,75,1,0,68167,338,150000,22,75,788,3,516,2,6,230,733308,577169,1
103,104,108000,800,22,75,264,7,2,15033,385,0,556,22,75,0,0,76897,325,150000,22,75,589,1,884,0,5,288,544574,80518,0
104,105,83000,1639,22,75,124,7,2,46222,1742,0,840,22,75,0,0,42373,326,220000,22,75,417,1,637,0,7,667,535672,357102,1
105,106,27000,851,22,75,245,7,2,5413,1552,0,441,22,75,1,0,78624,716,90000,22,75,591,3,348,2,1,753,727871,598701,1
106,107,25000,1428,22,75,234,7,0,23492,233,0,117,22,75,1,0,29255,945,180000,22,75,528,4,578,0,7,519,933853,320332,1
107,108,106000,1091,22,75,131,7,1,52947,1655,0,898,22,75,1,0,62439,885,300000,22,75,739,1,845,2,3,966,874928,668853,1
108,109,45000,1624,22,75,297,7,0,35968,1011,0,755,22,75,1,0,84423,487,370000,22,75,888,2,542,0,5,945,784915,820418,1
109,110,48000,492,22,75,267,7,1,27859,420,0,188,22,75,1,0,37719,232,390000,22,75,456,1,659,0,3,463,670001,90145,1
110,111,54000,369,22,75,173,7,0,46450,1950,0,845,22,75,0,0,38971,586,180000,22,75,910,4,234,2,3,651,752676,651706,1
111,112,55000,453,22,75,272,7,0,45182,976,0,104,22,75,0,0,12379,723,130000,22,75,897,4,467,1,1,864,329398,251055,1
112,113,47000,1896,22,75,191,7,2,39118,1482,0,560,22,75,1,0,16158,601,380000,22,75,869,2,919,0,3,316,921480,338848,1
113,114,70000,1818,22,75,110,7,1,44093,624,0,431,22,75,0,0,28446,884,240000,22,75,922,3,383,2,4,712,605107,246607,1
114,115,110000,1645,22,75,118,7,2,89540,889,0,387,22,75,1,0,65312,974,310000,22,75,598,1,929,0,3,794,288244,73446,1
115,116,43000,1612,22,75,236,7,1,29128,1616,0,880,22,75,0,0,23245,261,500000,22,75,402,2,535,0,3,860,999277,336466,1
116,117,73410,943,22,75,204,7,2,4272,980,0,273,22,75,1,0,82145,954,110000,22,75,207,3,569,0,1,994,311514,681827,1
117,118,42000,1140,22,75,144,7,2,31323,728,0,132,22,75,0,0,15844,608,100000,22,75,558,3,525,0,1,647,654130,409995,1
118,119,153000,412,22,75,226,7,0,25596,276,0,587,22,75,1,0,76531,259,290000,22,75,940,4,485,0,7,365,768684,501205,1
119,120,145000,1991,22,75,222,7,2,53693,318,0,557,22,75,1,0,16169,734,620000,22,75,272,4,815,0,3,835,206443,263315,1
120,121,120000,1140,22,75,292,7,1,27696,442,0,296,22,75,0,0,53426,942,250000,22,75,306,1,869,0,2,292,100630,489869,1
121,122,95000,1895,22,75,157,7,1,81263,1686,0,609,22,75,0,0,97134,552,250000,22,75,497,4,750,0,2,599,302521,676545,1
122,123,105000,661,22,75,167,7,1,20034,660,0,164,22,75,0,0,60787,673,120000,22,75,932,2,569,2,6,352,381575,255820,1
123,124,72500,212,22,75,193,7,2,18197,1090,0,868,22,75,1,0,26122,717,320000,22,75,520,1,240,0,2,941,957760,724156,0
124,125,104000,609,22,75,121,7,2,81993,986,0,575,22,75,0,0,85576,649,190000,22,75,485,3,686,0,4,258,925756,529296,0
125,126,70000,924,22,75,238,7,2,18249,1985,0,502,22,75,1,0,27373,346,50000,22,75,392,4,312,2,3,667,126687,907335,1
126,127,25000,464,22,75,256,7,1,10685,300,0,284,22,75,1,0,34457,843,160000,22,75,667,1,810,2,2,724,361277,232212,1
127,128,44000,1776,22,75,296,7,2,34108,1296,0,689,22,75,1,0,72287,219,210000,22,75,917,3,459,2,1,432,513430,901290,1
128,129,85000,420,22,75,283,7,0,50626,566,0,723,22,75,0,0,81951,770,330000,22,75,420,3,391,0,7,565,687149,131457,0
129,130,72000,224,22,75,287,7,1,39693,1226,0,443,22,75,1,0,99465,816,280000,22,75,558,1,354,0,6,970,403422,136829,1
130,131,56000,760,22,75,212,7,2,31029,209,0,463,22,75,1,0,40634,664,350000,22,75,310,3,800,1,7,438,567663,350028,1
131,132,74000,1324,22,75,209,7,2,9494,1147,0,778,22,75,0,0,32438,417,180000,22,75,800,1,703,0,5,528,626041,680617,0
132,133,80000,855,22,75,179,7,2,18304,1510,0,609,22,75,1,0,53699,629,460000,22,75,800,3,649,2,5,983,810420,103414,1
133,134,54777,1481,22,75,236,7,1,46949,259,0,137,22,75,1,0,40294,998,270000,22,75,684,2,844,0,2,818,217689,561728,1
134,135,88500,1454,22,75,112,7,2,56321,630,0,519,22,75,0,0,74950,617,220000,22,75,658,2,569,0,3,605,550147,566920,1
135,136,40000,512,22,75,236,7,2,39520,1005,0,296,22,75,0,0,85733,632,280000,22,75,530,3,200,2,2,352,190592,466371,1
136,137,55000,1623,22,75,243,7,1,24216,1895,0,605,22,75,0,0,74944,711,240000,22,75,738,1,817,2,6,374,882451,891543,1
137,138,45000,664,22,75,136,7,1,16569,1008,0,485,22,75,0,0,46841,430,420000,22,75,672,2,804,2,7,952,120318,632796,1
138,139,85000,1258,22,75,201,7,0,10565,1703,0,209,22,75,1,0,11458,359,210000,22,75,493,3,494,0,3,726,449954,745639,1
139,140,170000,369,22,75,269,7,2,133773,948,0,533,22,75,0,0,79161,634,190000,22,75,608,3,985,0,2,741,629897,941225,1
140,141,85000,1352,22,75,162,7,0,11373,1818,0,625,22,75,1,0,73682,724,210000,22,75,788,3,308,2,5,315,887543,396644,1
141,142,45000,1856,22,75,103,7,1,4347,1768,0,649,22,75,0,0,53557,501,170000,22,75,814,3,370,2,6,500,385055,611916,1
142,143,150000,1773,22,75,190,7,0,25290,463,0,491,22,75,1,0,99217,219,280000,22,75,200,3,726,0,3,705,111776,888609,1
143,144,82000,1585,22,75,157,7,0,52250,1194,0,364,22,75,0,0,61779,910,330000,22,75,526,1,418,0,1,964,974945,478648,1
144,145,90000,1002,22,75,219,7,2,46710,488,0,172,22,75,1,0,83672,429,150000,22,75,697,2,592,0,1,774,565866,792066,0
145,146,51000,1973,22,75,212,7,0,1412,1854,0,283,22,75,0,0,69308,412,110000,22,75,256,1,336,1,5,567,138643,154657,0
146,147,38000,739,22,75,266,7,0,296,897,0,758,22,75,0,0,24795,453,80000,22,75,794,3,256,2,4,830,996720,345417,1
147,148,36000,558,22,75,136,7,1,11502,1176,0,161,22,75,0,0,32641,302,60000,22,75,724,2,594,2,4,693,841265,998402,1
148,149,54290,329,22,75,222,7,1,41721,1014,0,111,22,75,1,0,13095,920,180000,22,75,868,4,912,2,6,997,809211,341299,1
149,150,20000,1501,22,75,194,7,2,3660,1443,0,762,22,75,1,0,20072,854,70000,22,75,237,4,580,1,5,469,169715,648297,0
150,151,21000,1305,22,75,264,7,0,3110,1995,0,842,22,75,0,0,10447,470,50000,22,75,766,3,861,0,3,856,305549,75699,1
151,152,65300,622,22,75,210,7,2,48269,1536,0,246,22,75,0,0,24649,653,250000,22,75,984,1,413,0,2,566,401840,894450,1
152,153,63000,1128,22,75,276,7,0,18824,215,0,607,22,75,1,0,12642,775,250000,22,75,263,4,252,0,5,668,669148,473140,1
153,154,110000,1767,22,75,202,7,2,97064,1310,0,251,22,75,0,0,11868,423,260000,22,75,738,2,581,0,2,399,968524,693260,1
154,155,98794,245,22,75,187,7,0,30003,1405,0,679,22,75,1,0,98144,539,380000,22,75,792,2,991,0,4,993,262011,825879,1
155,156,20000,476,22,75,201,7,2,5238,1338,0,407,22,75,0,0,36054,953,140000,22,75,491,4,933,0,1,412,661741,828863,1
156,157,56300,343,22,75,175,7,1,36662,1249,0,516,22,75,1,0,80437,860,220000,22,75,566,1,536,2,5,424,841474,174878,1
157,158,92000,1422,22,75,196,7,1,77068,1569,0,431,22,75,0,0,72593,218,420000,22,75,748,2,399,0,1,519,459112,611674,0
158,159,65187,385,22,75,187,7,2,5390,812,0,238,22,75,0,0,28440,527,160000,22,75,643,2,584,2,2,931,913309,104439,1
159,160,60000,1473,22,75,195,7,2,56532,1940,0,451,22,75,1,0,55365,865,330000,22,75,746,2,539,0,1,390,327074,848359,1
160,161,52000,1325,22,75,178,7,1,26691,1827,0,836,22,75,1,0,38751,981,180000,22,75,442,3,878,2,4,937,671117,540279,1
161,162,70000,1842,22,75,200,7,2,45171,611,0,414,22,75,1,0,19896,831,500000,22,75,591,1,754,0,4,737,459106,586836,0
162,163,29000,1786,22,75,157,7,0,25520,1541,0,793,22,75,0,0,12851,660,270000,22,75,743,4,355,2,4,947,185791,994394,1
163,164,65500,795,22,75,119,7,0,63279,386,0,329,22,75,1,0,76660,456,90000,22,75,564,4,947,0,6,660,395395,840573,1
164,165,88000,1628,22,75,182,7,1,70109,1325,0,194,22,75,0,0,86036,867,200000,22,75,395,2,301,0,5,881,767805,849447,1
165,166,110000,733,22,75,157,7,0,91663,452,0,720,22,75,1,0,93530,993,490000,22,75,822,1,963,0,7,439,929898,661528,1
166,167,80000,1167,22,75,171,7,2,77000,770,0,174,22,75,1,0,24124,769,230000,22,75,566,2,987,0,2,914,213474,618019,1
167,168,42000,580,22,75,106,7,1,15027,1094,0,255,22,75,1,0,87184,697,250000,22,75,776,1,542,2,7,800,100836,373462,1
168,169,44011,1410,22,75,118,7,2,1131,1541,0,337,22,75,0,0,58616,683,130000,22,75,527,2,631,2,7,674,969947,890473,1
169,170,96720,1166,22,75,245,7,0,95365,1616,0,294,22,75,1,0,87198,586,370000,22,75,488,1,496,0,4,801,597716,594722,1
170,171,125388,364,22,75,141,7,2,27347,1267,0,792,22,75,1,0,17132,391,590000,22,75,386,2,996,0,1,874,834454,121339,1
171,172,45000,1642,22,75,275,7,1,12411,938,0,174,22,75,1,0,63904,708,300000,22,75,669,1,978,2,7,686,998972,369965,0
172,173,40000,255,22,75,292,7,1,14420,429,0,898,22,75,1,0,95529,487,310000,22,75,491,1,926,2,2,732,984512,403273,0
173,174,72000,633,22,75,130,7,1,45172,1186,0,596,22,75,1,0,62258,977,50000,22,75,631,3,427,2,3,562,975406,977162,0
174,175,85000,1373,22,75,266,7,0,5754,1468,0,833,22,75,1,0,38780,558,330000,22,75,817,3,694,2,4,881,919242,744090,0
175,176,50000,943,22,75,265,7,0,1410,1467,0,536,22,75,1,0,45455,948,230000,22,75,570,1,935,2,2,260,759437,962099,1
176,177,76000,1588,22,75,257,7,2,38402,615,0,329,22,75,0,0,29146,987,130000,22,75,979,2,589,2,3,707,435146,651182,1
177,178,105000,593,22,75,298,7,1,32382,1108,0,433,22,75,1,0,71038,311,350000,22,75,580,1,732,0,1,671,399824,207527,1
178,179,120000,1625,22,75,212,7,1,80400,517,0,219,22,75,1,0,82951,722,80000,22,75,869,4,300,0,5,957,766672,488384,0
179,180,68000,857,22,75,149,7,2,17299,1997,0,842,22,75,0,0,11632,292,420000,22,75,323,2,414,0,2,447,741554,405184,1
180,181,85000,461,22,75,245,7,0,57927,1071,0,524,22,75,1,0,36040,327,240000,22,75,815,2,855,1,1,505,655818,613450,1
181,182,65000,1458,22,75,201,7,1,25252,271,0,149,22,75,0,0,18113,434,130000,22,75,422,2,360,2,5,289,709943,936609,0
182,183,100000,1011,22,75,171,7,2,9930,1750,0,669,22,75,1,0,73359,276,270000,22,75,501,1,245,2,2,577,328508,589863,1
183,184,103000,433,22,75,131,7,0,77692,1729,0,593,22,75,0,0,24642,386,140000,22,75,412,3,870,2,1,357,404853,329885,1
184,185,62000,1900,22,75,190,7,2,59836,1365,0,740,22,75,1,0,94965,387,450000,22,75,914,3,558,2,1,268,591790,66219,1
185,186,78200,1108,22,75,256,7,0,14670,1391,0,207,22,75,0,0,14991,730,210000,22,75,639,3,435,0,7,352,565336,136650,1
186,187,145000,389,22,75,111,7,0,125657,225,0,607,22,75,1,0,81972,887,390000,22,75,276,2,824,0,2,627,520606,486708,1
187,188,107000,1259,22,75,232,7,2,105277,1277,0,537,22,75,0,0,92122,361,200000,22,75,303,3,442,1,2,668,654690,929190,1
188,189,63000,1006,22,75,135,7,0,59409,1993,0,737,22,75,0,0,61390,219,220000,22,75,278,1,329,2,2,371,985780,879406,1
189,190,65000,1942,22,75,172,7,1,15268,825,0,672,22,75,0,0,74602,576,310000,22,75,690,1,805,2,5,996,142050,252830,1
190,191,100000,328,22,75,216,7,2,41740,777,0,652,22,75,1,0,36392,502,100000,22,75,223,4,847,2,5,376,427884,98878,1
191,192,150000,785,22,75,271,7,1,39345,1046,0,467,22,75,1,0,76547,432,520000,22,75,624,3,498,0,3,869,428797,949997,0
192,193,101000,1837,22,75,264,7,2,59044,1990,0,785,22,75,1,0,89521,734,300000,22,75,540,2,693,0,7,567,808453,341259,1
193,194,50000,1427,22,75,201,7,0,21660,1272,0,442,22,75,1,0,80642,436,270000,22,75,716,2,799,2,5,295,759580,212831,1
194,195,100000,1647,22,75,219,7,0,73940,1816,0,414,22,75,0,0,48451,724,400000,22,75,334,2,295,0,1,538,281539,953625,1
195,196,224000,455,22,75,128,7,2,128083,1582,0,381,22,75,0,0,48353,555,320000,22,75,302,2,911,0,5,315,687760,112424,0
196,197,40000,732,22,75,265,7,1,19484,410,0,531,22,75,1,0,71212,869,170000,22,75,552,4,762,1,3,927,551185,493599,1
197,198,73000,1738,22,75,181,7,2,52560,485,0,545,22,75,0,0,10405,663,150000,22,75,811,4,698,2,4,941,800925,93277,0
198,199,145000,479,22,75,258,7,1,89377,1043,0,685,22,75,1,0,99305,402,270000,22,75,450,3,548,2,6,300,427287,749301,1
199,200,45000,1483,22,75,144,7,2,25694,360,0,452,22,75,1,0,74248,506,60000,22,75,960,4,964,0,5,449,942912,244052,1
200,201,45000,709,22,75,139,7,0,38821,1098,0,443,22,75,0,0,44580,572,160000,22,75,450,2,757,2,6,597,935230,316166,1
201,202,80000,1974,22,75,108,7,1,54864,499,0,855,22,75,1,0,88095,797,140000,22,75,677,3,484,0,5,902,748515,495801,0
202,203,150000,978,22,75,225,7,2,127335,1279,0,765,22,75,1,0,75462,933,440000,22,75,944,3,974,0,5,411,121673,482313,1
203,204,41000,277,22,75,200,7,1,28154,409,0,594,22,75,1,0,37126,515,200000,22,75,632,3,294,0,4,870,206507,299264,0
204,205,84000,949,22,75,160,7,2,453,492,0,490,22,75,0,0,78122,452,230000,22,75,849,1,484,2,4,507,872819,850825,1
205,206,85000,1542,22,75,238,7,2,20170,1688,0,547,22,75,1,0,11563,290,280000,22,75,280,2,231,0,3,835,398398,455189,1
206,207,28000,1686,22,75,140,7,1,2125,1839,0,590,22,75,0,0,53572,807,60000,22,75,977,2,378,0,6,861,189189,990745,0
207,208,65000,1630,22,75,216,7,1,20325,1288,0,365,22,75,1,0,14331,569,390000,22,75,221,2,878,2,7,587,828635,990901,1
208,209,98593,1696,22,75,185,7,2,70435,222,0,305,22,75,1,0,77477,235,260000,22,75,407,1,874,2,2,464,724972,905628,1
209,210,40000,1547,22,75,165,7,0,21100,825,0,133,22,75,1,0,89872,341,210000,22,75,778,3,288,2,6,535,110962,200537,1
210,211,60000,1117,22,75,109,7,2,33156,1390,0,442,22,75,1,0,35921,499,250000,22,75,330,1,907,0,5,609,261019,375114,1
211,212,64000,1982,22,75,280,7,0,23897,264,0,512,22,75,0,0,23958,942,520000,22,75,944,4,427,0,5,263,855019,432335,1
212,213,130000,1379,22,75,131,7,2,120393,1331,0,432,22,75,0,0,73081,927,110000,22,75,408,4,968,2,7,491,865043,276714,1
213,214,52000,790,22,75,208,7,2,39254,1012,0,779,22,75,0,0,21986,353,270000,22,75,651,4,968,2,6,544,627010,728675,1
214,215,58000,1780,22,75,124,7,1,40861,929,0,542,22,75,0,0,17803,566,180000,22,75,813,1,732,0,1,949,291060,473808,0
215,216,97000,339,22,75,163,7,2,16819,1593,0,171,22,75,0,0,74344,348,160000,22,75,203,3,591,2,1,954,250326,577257,1
216,217,38000,854,22,75,229,7,1,17354,1452,0,675,22,75,0,0,91103,634,320000,22,75,260,1,991,0,3,437,954701,157451,0
217,218,60000,1645,22,75,197,7,2,19350,1814,0,851,22,75,1,0,38613,845,250000,22,75,933,1,274,2,1,986,114394,154606,1
218,219,18200,377,22,75,105,7,2,2679,1342,0,356,22,75,0,0,53546,930,180000,22,75,458,1,238,1,6,244,291087,486995,1
219,220,67000,963,22,75,254,7,0,36548,1222,0,227,22,75,1,0,32048,759,210000,22,75,387,3,502,2,1,287,665264,657362,1
220,221,98000,1151,22,75,213,7,0,82114,1568,0,108,22,75,0,0,66228,468,160000,22,75,568,4,351,2,1,487,318145,979198,1
221,222,170000,1007,22,75,131,7,2,114835,1375,0,249,22,75,0,0,78150,918,130000,22,75,245,4,453,2,2,313,297300,507255,1
222,223,90000,1091,22,75,143,7,2,11934,1701,0,363,22,75,0,0,17974,369,130000,22,75,966,2,985,0,3,464,411947,146590,0
223,224,87000,1609,22,75,171,7,1,58046,1273,0,897,22,75,1,0,47180,691,380000,22,75,633,3,238,2,1,947,203051,592480,1
224,225,74000,1538,22,75,146,7,0,53479,1999,0,198,22,75,0,0,57705,625,140000,22,75,513,3,532,2,5,588,382993,776074,1
225,226,85000,1962,22,75,219,7,2,18870,1073,0,448,22,75,1,0,88501,438,390000,22,75,736,2,612,1,5,562,824151,583603,1
226,227,84000,881,22,75,184,7,1,60538,759,0,708,22,75,1,0,42853,332,300000,22,75,888,3,204,0,7,370,518068,95441,1
227,228,42000,1356,22,75,104,7,0,9706,880,0,838,22,75,0,0,87607,811,240000,22,75,366,2,751,0,2,550,806120,952363,1
228,229,350000,1761,22,75,143,7,2,224805,1487,0,546,22,75,0,0,59496,344,430000,22,75,645,3,817,0,1,272,559421,994447,1
229,230,65000,673,22,75,253,7,0,3997,610,0,778,22,75,1,0,26118,725,90000,22,75,592,3,864,2,6,649,946030,456272,1
230,231,50000,1592,22,75,239,7,0,48875,1381,0,490,22,75,1,0,46083,286,190000,22,75,205,2,250,2,7,853,969085,630304,1
231,232,100000,1924,22,75,205,7,0,20500,889,0,577,22,75,0,0,93865,507,380000,22,75,832,4,594,0,4,858,523830,816620,1
232,233,75000,357,22,75,220,7,1,14452,669,0,494,22,75,1,0,67420,655,260000,22,75,448,2,669,2,3,908,898704,597343,0
233,234,50000,746,22,75,130,7,0,13769,237,0,737,22,75,0,0,67002,587,170000,22,75,864,4,455,2,7,365,296930,247684,1
234,235,110000,533,22,75,133,7,0,35563,1001,0,689,22,75,1,0,16036,713,200000,22,75,534,4,538,2,1,810,773455,361740,1
235,236,98000,493,22,75,186,7,1,9447,834,0,561,22,75,1,0,14420,814,370000,22,75,930,4,325,0,7,671,112693,881916,1
236,237,120000,1467,22,75,135,7,0,107268,399,0,670,22,75,1,0,82888,379,390000,22,75,735,4,786,2,4,806,558620,277160,1
237,238,85000,1689,22,75,168,7,0,41140,1787,0,736,22,75,1,0,57417,335,390000,22,75,753,1,567,0,4,706,498558,198179,1
238,239,85000,1047,22,75,293,7,1,67711,511,0,707,22,75,1,0,63679,812,400000,22,75,863,3,842,1,2,347,419931,879505,0
239,240,112000,1569,22,75,141,7,1,102390,1602,0,524,22,75,1,0,55375,436,380000,22,75,553,3,519,0,5,437,504745,82964,1
240,241,140000,577,22,75,174,7,1,88970,460,0,771,22,75,0,0,94882,618,310000,22,75,817,4,648,2,4,951,564680,294554,1
241,242,70000,270,22,75,107,7,0,46991,1980,0,118,22,75,0,0,19094,596,180000,22,75,640,4,886,0,2,204,806570,307192,1
242,243,100000,1228,22,75,207,7,0,65590,674,0,664,22,75,0,0,83982,329,330000,22,75,616,3,420,2,3,359,768148,908308,1
243,244,52000,836,22,75,150,7,2,50466,1601,0,693,22,75,1,0,65424,683,390000,22,75,977,3,973,0,6,873,535308,682622,1
244,245,50000,1250,22,75,121,7,1,43500,1386,0,874,22,75,1,0,21982,512,220000,22,75,335,2,871,1,6,833,361583,948268,1
245,246,53000,1609,22,75,133,7,0,26049,959,0,714,22,75,0,0,19619,781,250000,22,75,420,2,998,0,6,307,519011,903818,1
246,247,25000,527,22,75,294,7,2,11467,549,0,243,22,75,1,0,12938,400,90000,22,75,633,4,338,1,1,430,557464,588349,0
247,248,42000,241,22,75,160,7,1,20869,526,0,251,22,75,1,0,29905,843,150000,22,75,969,3,594,2,6,699,116458,486455,0
248,249,95000,328,22,75,124,7,2,78593,833,0,300,22,75,0,0,45439,293,100000,22,75,447,2,403,0,5,267,877753,582126,1
249,250,36000,1605,22,75,211,7,1,9205,624,0,172,22,75,1,0,71463,498,60000,22,75,356,4,890,2,3,938,473005,635846,0
250,251,21600,1395,22,75,182,7,0,4857,1806,0,635,22,75,1,0,76790,994,350000,22,75,796,2,754,2,7,563,204062,883622,1
251,252,56000,1207,22,75,126,7,1,30962,361,0,631,22,75,1,0,63519,746,200000,22,75,455,4,337,2,6,695,308075,893917,0
252,253,39500,208,22,75,164,7,0,5620,916,0,404,22,75,1,0,45859,833,200000,22,75,649,3,731,2,7,688,789317,386622,0
253,254,100000,289,22,75,144,7,0,62680,1184,0,154,22,75,0,0,84563,492,320000,22,75,931,1,810,0,3,268,900715,608822,1
254,255,45000,891,22,75,238,7,2,8118,1265,0,503,22,75,0,0,27483,323,160000,22,75,813,2,274,2,7,960,485725,517632,1
255,256,39648,769,22,75,204,7,1,14007,1947,0,582,22,75,1,0,27565,492,140000,22,75,613,2,347,1,7,552,549566,725177,1
256,257,36500,1538,22,75,222,7,1,5336,760,0,721,22,75,1,0,30091,747,160000,22,75,374,2,284,2,3,665,776219,689230,1
257,258,47364,998,22,75,220,7,1,24818,1691,0,705,22,75,1,0,64730,226,150000,22,75,681,2,414,0,7,738,446766,420445,1
258,259,55000,986,22,75,108,7,0,42295,893,0,869,22,75,1,0,38744,862,300000,22,75,718,3,603,0,3,625,125192,64798,1
259,260,102000,952,22,75,122,7,0,81243,1067,0,515,22,75,1,0,16515,984,290000,22,75,540,4,551,0,5,644,234434,498391,1
260,261,40000,555,22,75,130,7,0,31168,1745,0,523,22,75,0,0,88325,839,130000,22,75,978,3,879,2,2,960,150268,120544,0
261,262,61500,570,22,75,229,7,0,18665,851,0,848,22,75,1,0,77618,464,200000,22,75,653,3,546,0,7,715,367841,122858,1
262,263,66900,899,22,75,260,7,2,37798,581,0,745,22,75,1,0,60415,317,150000,22,75,645,2,574,2,7,867,490678,382966,1
263,264,50000,1385,22,75,206,7,1,21470,359,0,690,22,75,1,0,25709,869,150000,22,75,788,3,752,0,4,910,507021,818247,1
264,265,45000,938,22,75,223,7,0,9504,1465,0,303,22,75,0,0,25144,727,200000,22,75,611,1,967,2,2,876,373320,526301,0
265,266,48000,549,22,75,250,7,0,20678,410,0,192,22,75,1,0,94175,963,210000,22,75,584,1,913,2,3,265,845176,760958,1
266,267,87000,436,22,75,194,7,2,77708,1244,0,848,22,75,1,0,92035,666,300000,22,75,793,4,832,0,3,960,867956,163911,0
267,268,100000,1211,22,75,105,7,2,19260,890,0,573,22,75,0,0,78008,620,360000,22,75,793,1,225,0,5,627,167559,604871,1
268,269,37000,1704,22,75,246,7,1,25086,585,0,762,22,75,1,0,33075,745,220000,22,75,710,2,842,1,6,589,525845,61715,1
269,270,142000,1728,22,75,172,7,0,132344,1565,0,424,22,75,0,0,44219,731,440000,22,75,580,4,478,0,1,413,424062,987779,1
270,271,58000,1534,22,75,239,7,1,35455,468,0,576,22,75,1,0,69924,605,280000,22,75,411,2,326,0,1,694,383142,575201,1
271,272,61000,606,22,75,279,7,1,12267,252,0,899,22,75,0,0,93575,483,200000,22,75,820,2,203,0,5,258,331881,929596,1
272,273,98000,840,22,75,220,7,0,18326,1181,0,162,22,75,0,0,36974,357,490000,22,75,566,2,813,1,6,250,812251,448243,1
273,274,35000,481,22,75,180,7,0,7794,895,0,881,22,75,0,0,32954,227,150000,22,75,384,3,668,2,3,718,811326,331512,1
274,275,57000,1910,22,75,105,7,1,52280,1086,0,517,22,75,1,0,91277,368,120000,22,75,402,3,227,2,1,312,781585,526984,1
275,276,250000,543,22,75,128,7,1,233750,1487,0,110,22,75,0,0,51554,296,270000,22,75,837,1,787,0,4,628,720723,755509,1
276,277,87000,1154,22,75,285,7,2,78352,741,0,627,22,75,1,0,86841,557,310000,22,75,831,2,636,0,3,700,496161,409647,1
277,278,72000,608,22,75,171,7,2,36561,1109,0,589,22,75,1,0,96527,496,150000,22,75,584,3,458,2,2,639,228652,775230,1
278,279,22050,1834,22,75,159,7,2,1944,1408,0,234,22,75,1,0,44303,813,150000,22,75,279,2,980,2,7,887,493185,847682,1
279,280,65000,1759,22,75,200,7,1,25116,580,0,802,22,75,0,0,76717,281,350000,22,75,461,1,311,0,2,314,569706,536567,1
280,281,50000,463,22,75,197,7,1,29245,1519,0,667,22,75,1,0,79588,608,190000,22,75,558,2,905,2,2,593,911353,529772,1
281,282,55007,420,22,75,286,7,2,37294,697,0,575,22,75,0,0,94883,461,230000,22,75,655,1,373,2,3,367,758376,601688,1
282,283,70000,1627,22,75,158,7,0,51695,1168,0,402,22,75,0,0,48305,624,200000,22,75,785,2,566,1,3,262,554201,496763,1
283,284,90000,1875,22,75,105,7,1,12933,1268,0,665,22,75,1,0,49440,887,190000,22,75,801,1,549,0,5,651,533032,665498,0
284,285,54000,313,22,75,130,7,2,40743,1628,0,338,22,75,1,0,24241,471,560000,22,75,481,2,851,0,1,770,916501,106383,1
285,286,60000,344,22,75,264,7,1,14022,938,0,734,22,75,1,0,85913,955,400000,22,75,530,3,599,0,7,320,146143,798255,1
286,287,495000,469,22,75,114,7,1,486832,1767,0,187,22,75,1,0,62006,759,260000,22,75,759,4,816,1,5,930,197675,513065,1
287,288,80000,234,22,75,122,7,0,52336,681,0,870,22,75,0,0,56887,991,310000,22,75,990,2,499,1,5,724,160665,663478,1
288,289,83000,1492,22,75,246,7,1,73753,1585,0,617,22,75,0,0,76498,938,320000,22,75,361,3,975,0,6,360,917858,692970,1
289,290,48000,900,22,75,210,7,2,24158,1987,0,111,22,75,1,0,90719,701,130000,22,75,456,3,798,0,5,323,773381,105099,0
290,291,39000,1805,22,75,233,7,0,36640,472,0,323,22,75,0,0,33183,777,210000,22,75,563,1,429,2,5,311,453695,513201,1
291,292,59000,1362,22,75,234,7,1,43943,485,0,216,22,75,1,0,11671,549,290000,22,75,380,2,673,0,2,418,916436,299957,1
292,293,130000,573,22,75,279,7,2,117741,1252,0,575,22,75,0,0,12703,458,310000,22,75,429,4,688,0,5,327,440317,401544,1
293,294,80000,1275,22,75,258,7,1,32,1112,0,464,22,75,0,0,17954,427,220000,22,75,283,4,325,2,4,277,792236,781478,1
294,295,85000,1534,22,75,116,7,0,65832,965,0,637,22,75,0,0,56259,249,300000,22,75,325,1,689,0,3,519,797567,63965,1
295,296,36000,1803,22,75,225,7,1,32432,284,0,404,22,75,0,0,83529,466,160000,22,75,864,4,232,2,3,890,777341,322551,0
296,297,96000,1373,22,75,269,7,0,43411,825,0,817,22,75,0,0,94327,789,240000,22,75,784,2,741,0,1,670,861995,261150,1
297,298,75000,1731,22,75,218,7,2,14992,1049,0,472,22,75,1,0,97537,976,270000,22,75,582,3,643,0,2,575,468847,604585,1
298,299,41000,512,22,75,241,7,1,11668,926,0,300,22,75,1,0,44961,885,200000,22,75,667,2,831,0,5,298,613862,142951,1
299,300,71500,575,22,75,238,7,1,31595,739,0,367,22,75,0,0,29090,769,300000,22,75,475,4,560,0,1,473,606271,986925,1
300,301,120000,596,22,75,226,7,1,38028,857,0,147,22,75,0,0,38190,953,280000,22,75,255,1,224,2,5,636,272839,320439,1
301,302,65000,1798,22,75,199,7,2,55575,336,0,197,22,75,1,0,53298,294,160000,22,75,983,1,836,2,6,487,602321,438614,0
302,303,72000,968,22,75,252,7,2,33393,734,0,699,22,75,1,0,97738,568,490000,22,75,871,1,270,2,6,774,290132,912961,0
303,304,95000,1674,22,75,157,7,0,24500,1140,0,275,22,75,0,0,71857,240,110000,22,75,760,2,485,0,6,500,687542,822286,1
304,305,85000,1468,22,75,128,7,1,44565,418,0,651,22,75,1,0,27100,609,380000,22,75,403,3,780,2,2,240,308995,359661,1
305,306,74600,539,22,75,290,7,0,20321,1952,0,164,22,75,0,0,45954,562,240000,22,75,411,2,543,0,2,997,959664,231364,1
306,307,70000,919,22,75,121,7,2,10262,1413,0,240,22,75,1,0,40979,619,240000,22,75,282,4,366,0,5,276,774939,538949,1
307,308,47500,1756,22,75,144,7,2,36266,211,0,892,22,75,0,0,86477,914,300000,22,75,497,2,979,0,5,581,965368,404106,1
308,309,90480,427,22,75,220,7,0,52044,710,0,548,22,75,1,0,38460,535,210000,22,75,850,3,713,0,7,987,923009,364376,1
309,310,65000,1261,22,75,257,7,2,25239,840,0,839,22,75,1,0,60189,488,240000,22,75,815,1,416,0,4,421,311632,168274,1
310,311,95000,1143,22,75,103,7,2,76047,1798,0,467,22,75,0,0,41792,267,400000,22,75,600,4,574,2,3,460,549665,130867,1
311,312,85000,1467,22,75,242,7,1,2150,1568,0,172,22,75,0,0,69127,672,220000,22,75,585,2,357,0,6,462,890005,668520,1
312,313,73000,1952,22,75,266,7,2,40967,457,0,735,22,75,0,0,48765,589,300000,22,75,513,1,424,0,1,739,551388,196168,1
313,314,75000,754,22,75,271,7,1,11197,932,0,674,22,75,1,0,54582,363,140000,22,75,944,2,462,2,6,636,474353,262647,1
314,315,45000,1830,22,75,191,7,0,42876,1517,0,684,22,75,1,0,83269,720,300000,22,75,657,3,381,2,2,921,540574,842758,1
315,316,240000,1040,22,75,138,7,1,20520,1868,0,597,22,75,1,0,17841,462,260000,22,75,520,1,752,0,3,637,409618,460877,1
316,317,88000,1108,22,75,278,7,0,67619,1614,0,422,22,75,0,0,29771,644,250000,22,75,269,1,908,0,4,483,583044,65371,1
317,318,60000,670,22,75,152,7,0,36960,1312,0,405,22,75,1,0,17335,943,160000,22,75,787,1,994,2,2,981,644940,409904,0
318,319,164732,1875,22,75,102,7,1,93534,1212,0,499,22,75,0,0,99666,736,200000,22,75,482,3,298,0,6,673,667722,505112,1
319,320,85000,1231,22,75,215,7,2,46716,1718,0,685,22,75,0,0,21519,515,120000,22,75,847,1,225,2,7,679,333951,529626,1
320,321,58164,645,22,75,286,7,1,33996,1568,0,580,22,75,1,0,24617,429,330000,22,75,286,1,907,0,1,627,117991,998085,1
321,322,55000,895,22,75,100,7,0,9091,1664,0,365,22,75,0,0,20721,969,130000,22,75,910,4,331,0,5,926,808080,790148,1
322,323,50000,298,22,75,275,7,1,43365,1023,0,516,22,75,0,0,87293,484,180000,22,75,258,4,430,0,4,940,901641,927474,1
323,324,65000,1854,22,75,238,7,0,61132,1576,0,204,22,75,0,0,61830,394,570000,22,75,555,1,847,0,4,415,522833,473084,1
324,325,60000,763,22,75,240,7,1,35244,1847,0,385,22,75,0,0,13061,426,230000,22,75,574,1,316,0,6,922,166598,999341,1
325,326,85838,1738,22,75,151,7,0,59434,1384,0,839,22,75,1,0,28713,775,160000,22,75,504,4,797,0,4,230,719872,490305,1
326,327,94000,737,22,75,163,7,0,16816,995,0,644,22,75,0,0,49870,734,250000,22,75,741,2,985,0,1,440,297563,377663,1
327,328,78000,1399,22,75,256,7,2,7924,1037,0,831,22,75,1,0,64693,783,260000,22,75,547,2,923,2,4,297,652975,346505,1
328,329,24000,1187,22,75,115,7,0,11923,1085,0,804,22,75,0,0,81012,941,250000,22,75,640,3,655,0,1,465,457976,457148,1
329,330,64500,729,22,75,185,7,2,31011,1272,0,197,22,75,0,0,99852,370,290000,22,75,336,2,217,0,3,429,820453,297689,1
330,331,210000,1216,22,75,152,7,0,12369,970,0,509,22,75,1,0,77129,232,290000,22,75,623,3,823,0,3,690,162358,615567,1
331,332,53000,1682,22,75,246,7,2,38960,1357,0,150,22,75,1,0,28607,547,330000,22,75,213,2,969,0,6,874,598758,621930,1
332,333,20000,914,22,75,278,7,0,16044,1903,0,534,22,75,0,0,72093,329,110000,22,75,820,4,263,2,3,884,134800,328147,1
333,334,78000,1202,22,75,174,7,2,21216,209,0,246,22,75,0,0,11485,825,170000,22,75,515,4,745,0,5,524,247716,170067,1
334,335,60000,716,22,75,293,7,2,44418,1096,0,875,22,75,0,0,76702,649,200000,22,75,901,4,844,0,4,970,543767,605976,1
335,336,65000,1955,22,75,135,7,1,44525,1890,0,223,22,75,0,0,21508,415,380000,22,75,530,2,343,2,5,647,131835,59896,0
336,337,55000,1934,22,75,275,7,0,44368,1592,0,484,22,75,0,0,94723,607,190000,22,75,972,4,453,0,6,982,397255,585790,1
337,338,50000,1437,22,75,116,7,0,2120,1369,0,883,22,75,0,0,93028,253,110000,22,75,657,4,544,2,7,941,692622,260883,1
338,339,43900,1960,22,75,208,7,0,29347,877,0,220,22,75,1,0,91493,220,190000,22,75,951,3,668,0,4,691,499977,327515,1
339,340,121392,381,22,75,253,7,2,93095,261,0,404,22,75,1,0,81300,211,160000,22,75,674,4,421,2,7,264,548313,900296,1
340,341,51500,1053,22,75,289,7,1,48616,1566,0,728,22,75,0,0,60928,848,210000,22,75,773,2,382,1,1,519,504280,576548,1
341,342,55000,1262,22,75,128,7,2,44676,1652,0,424,22,75,1,0,68678,751,290000,22,75,335,3,552,0,3,825,823882,871952,1
342,343,48360,835,22,75,200,7,1,39974,1195,0,405,22,75,0,0,16356,872,180000,22,75,249,3,810,2,5,646,404087,494588,1
343,344,44000,556,22,75,256,7,0,25568,1215,0,843,22,75,0,0,50312,594,240000,22,75,269,4,650,2,2,349,327193,395432,1
344,345,90000,1170,22,75,295,7,2,72720,1060,0,212,22,75,1,0,89699,623,240000,22,75,688,3,593,1,1,698,424157,489787,0
345,346,39000,1610,22,75,239,7,2,24768,715,0,411,22,75,0,0,75697,324,150000,22,75,293,1,221,0,2,200,109769,894078,1
346,347,51000,384,22,75,177,7,1,28539,1110,0,221,22,75,0,0,31780,755,380000,22,75,699,1,988,2,7,839,595025,63783,0
347,348,49464,987,22,75,148,7,0,1528,702,0,697,22,75,1,0,99821,704,250000,22,75,579,1,410,2,2,350,768443,787012,1
348,349,41000,1549,22,75,285,7,0,38425,1244,0,301,22,75,0,0,22738,323,70000,22,75,779,1,375,2,2,393,426959,868066,1
349,350,65839,1701,22,75,100,7,1,59268,209,0,134,22,75,0,0,95717,324,230000,22,75,353,1,830,0,6,561,284556,130123,1
350,351,90000,1382,22,75,238,7,1,18666,1598,0,857,22,75,1,0,14048,235,220000,22,75,506,4,205,2,7,410,737533,373077,1
351,352,42000,994,22,75,291,7,2,7996,945,0,490,22,75,1,0,98902,460,360000,22,75,600,2,596,2,3,982,342628,341138,1
352,353,100000,728,22,75,225,7,1,94610,1105,0,479,22,75,0,0,40360,386,450000,22,75,762,4,353,2,1,919,192651,638525,1
353,354,25000,775,22,75,132,7,0,4600,901,0,210,22,75,0,0,69895,699,210000,22,75,800,3,838,1,4,822,678330,50997,0
354,355,250000,349,22,75,287,7,2,132650,785,0,724,22,75,1,0,97766,507,310000,22,75,581,3,718,1,7,404,986647,50653,1
355,356,60000,1568,22,75,279,7,0,44178,1960,0,469,22,75,1,0,83088,205,110000,22,75,273,3,403,0,7,655,967830,633441,1
356,357,25000,432,22,75,220,7,1,17077,1886,0,672,22,75,0,0,55949,384,150000,22,75,962,1,665,1,7,521,578809,778324,1
357,358,76000,1087,22,75,173,7,2,15465,1682,0,190,22,75,1,0,60191,754,350000,22,75,767,3,925,0,1,679,166025,151436,1
358,359,130000,1516,22,75,113,7,1,74698,1563,0,434,22,75,1,0,53289,587,280000,22,75,444,1,940,0,1,606,377840,858878,0
359,360,42000,1158,22,75,296,7,0,37758,1593,0,411,22,75,0,0,92106,796,270000,22,75,257,4,606,0,4,610,405413,78865,0
360,361,72000,1655,22,75,248,7,1,10728,1863,0,279,22,75,0,0,27099,906,270000,22,75,506,1,397,2,1,479,654835,288484,1
361,362,58000,763,22,75,208,7,2,34202,1486,0,550,22,75,0,0,12364,505,480000,22,75,644,2,825,2,7,553,412934,127594,0
362,363,52000,1259,22,75,253,7,0,35952,735,0,872,22,75,0,0,35957,535,270000,22,75,662,3,758,2,4,244,284748,688957,1
363,364,40000,1820,22,75,190,7,1,33884,1857,0,401,22,75,0,0,92846,625,150000,22,75,962,1,601,2,3,490,100148,147832,1
364,365,99000,261,22,75,106,7,2,84348,1017,0,653,22,75,1,0,57753,922,490000,22,75,814,3,718,0,4,687,604474,816650,1
365,366,65000,703,22,75,242,7,1,58071,1730,0,743,22,75,1,0,44703,802,300000,22,75,735,1,964,2,5,749,770396,972858,1
366,367,150000,1556,22,75,232,7,1,60885,1629,0,159,22,75,1,0,26060,364,670000,22,75,739,2,735,0,6,297,595018,459249,1
367,368,39000,950,22,75,294,7,2,33621,234,0,751,22,75,0,0,87171,721,110000,22,75,259,1,827,2,5,261,702581,968806,1
368,369,72000,517,22,75,249,7,1,31521,1411,0,562,22,75,1,0,76363,921,490000,22,75,438,2,914,0,6,812,210708,222418,1
369,370,30000,1265,22,75,274,7,2,16590,1578,0,732,22,75,1,0,98773,240,320000,22,75,452,3,480,1,3,226,663762,98666,1
370,371,65000,961,22,75,109,7,0,49393,782,0,590,22,75,1,0,45326,724,80000,22,75,443,3,294,0,4,262,908093,400484,0
371,372,45000,1832,22,75,248,7,0,27238,1319,0,537,22,75,0,0,30949,571,120000,22,75,430,2,882,2,1,253,865744,635517,1
372,373,70500,453,22,75,133,7,1,50379,1087,0,870,22,75,0,0,32597,563,120000,22,75,402,1,404,2,6,901,373318,536666,1
373,374,90000,736,22,75,279,7,2,72171,927,0,339,22,75,1,0,78151,319,210000,22,75,866,4,366,2,6,260,872664,730661,1
374,375,204018,614,22,75,253,7,2,99621,1137,0,622,22,75,1,0,46969,880,560000,22,75,535,1,453,2,5,342,129303,856893,1
375,376,85000,940,22,75,257,7,0,48798,1236,0,345,22,75,1,0,65784,248,280000,22,75,795,2,222,2,2,714,842034,193091,1
376,377,52800,516,22,75,158,7,1,10860,766,0,311,22,75,1,0,84917,500,320000,22,75,499,3,266,0,1,716,894890,253960,1
377,378,97000,1977,22,75,213,7,0,75514,1339,0,154,22,75,1,0,57820,903,340000,22,75,224,3,919,0,2,606,679371,766717,1
378,379,80000,1781,22,75,101,7,1,65552,876,0,744,22,75,1,0,35620,293,270000,22,75,472,3,354,1,2,534,959146,474632,1
379,380,49920,205,22,75,155,7,0,49395,893,0,148,22,75,1,0,37525,608,140000,22,75,530,2,482,0,7,934,869140,732951,1
380,381,65000,237,22,75,130,7,2,25181,683,0,425,22,75,0,0,10012,783,150000,22,75,921,2,295,0,2,999,392431,808383,1
381,382,260000,667,22,75,126,7,2,68458,403,0,525,22,75,1,0,79457,428,340000,22,75,792,4,882,0,3,432,848607,898644,1
382,383,65000,1125,22,75,290,7,2,64044,1767,0,802,22,75,0,0,66448,954,90000,22,75,437,2,476,0,4,735,545112,356292,1
383,384,38000,1657,22,75,120,7,2,20140,1525,0,335,22,75,0,0,92094,334,260000,22,75,553,3,844,0,4,670,168640,82457,1
384,385,107000,1601,22,75,177,7,0,2311,537,0,190,22,75,1,0,16001,366,310000,22,75,664,3,725,0,3,207,371895,191881,1
385,386,60000,1913,22,75,134,7,1,19314,282,0,459,22,75,0,0,97814,827,240000,22,75,353,4,559,2,1,740,763909,878431,1
386,387,122800,1209,22,75,126,7,1,71531,1928,0,687,22,75,0,0,92196,990,250000,22,75,790,4,976,0,7,773,581441,998169,1
387,388,24000,1695,22,75,273,7,0,13874,282,0,347,22,75,0,0,95003,487,200000,22,75,222,4,453,2,3,964,271013,230418,0
388,389,60000,1669,22,75,250,7,1,1752,1373,0,413,22,75,1,0,85266,587,260000,22,75,333,4,731,0,4,713,704318,385256,1
389,390,44000,1368,22,75,290,7,2,8575,1785,0,763,22,75,0,0,69159,723,280000,22,75,806,1,398,0,3,327,772672,611047,0
390,391,81000,872,22,75,110,7,0,50835,1516,0,813,22,75,0,0,84554,994,470000,22,75,967,1,435,1,6,998,888885,517676,1
391,392,45000,1709,22,75,218,7,0,25510,1203,0,407,22,75,0,0,75370,780,320000,22,75,496,2,459,2,4,826,566526,710908,1
392,393,67000,1508,22,75,248,7,1,34732,1669,0,620,22,75,1,0,70009,254,170000,22,75,302,4,308,0,6,942,176203,517574,1
393,394,36638,367,22,75,249,7,0,3605,719,0,742,22,75,1,0,94694,396,130000,22,75,525,4,781,2,1,894,632029,486955,1
394,395,49000,1561,22,75,104,7,2,27758,664,0,119,22,75,0,0,47797,872,170000,22,75,956,3,392,1,7,933,712573,825987,0
395,396,80000,1787,22,75,194,7,0,10760,1457,0,737,22,75,0,0,30214,274,240000,22,75,905,4,274,2,4,411,204048,984348,1
396,397,27000,329,22,75,102,7,0,25461,1189,0,194,22,75,0,0,29468,608,150000,22,75,278,4,743,2,3,463,501477,155273,1
397,398,115000,1073,22,75,237,7,1,90804,771,0,430,22,75,0,0,34609,505,190000,22,75,890,3,771,0,3,380,147465,899612,1
398,399,52800,1650,22,75,281,7,1,15164,570,0,151,22,75,1,0,96625,550,230000,22,75,596,3,617,0,1,832,770460,300424,1
399,400,45000,1415,22,75,265,7,1,2137,1098,0,313,22,75,1,0,28302,746,260000,22,75,329,2,514,2,4,809,283652,488419,0
400,401,100000,1047,22,75,115,7,0,84600,969,0,693,22,75,1,0,93487,405,130000,22,75,202,2,660,0,1,964,688433,790472,1
401,402,100000,1346,22,75,267,7,0,15220,862,0,888,22,75,1,0,66801,518,320000,22,75,930,2,706,0,4,467,767987,642538,1
402,403,36000,777,22,75,279,7,2,19342,244,0,192,22,75,1,0,50183,521,370000,22,75,347,1,713,0,2,482,606896,383381,1
403,404,162000,1641,22,75,290,7,1,88047,1283,0,242,22,75,0,0,24346,999,510000,22,75,490,2,841,0,2,606,881176,821720,1
404,405,56000,1678,22,75,157,7,1,17802,1981,0,496,22,75,0,0,48938,600,150000,22,75,234,4,536,2,3,877,259519,760263,1
405,406,78000,318,22,75,212,7,1,66510,344,0,246,22,75,0,0,36249,897,560000,22,75,732,3,654,0,7,469,220045,562201,1
406,407,64000,1931,22,75,108,7,2,34112,1305,0,532,22,75,0,0,12948,991,70000,22,75,928,2,266,2,4,894,491277,90578,1
407,408,32000,794,22,75,139,7,1,57,916,0,328,22,75,1,0,52030,741,280000,22,75,520,2,938,2,7,780,231018,599207,1
408,409,51000,1804,22,75,268,7,0,22139,1071,0,481,22,75,1,0,44952,207,170000,22,75,820,3,772,0,7,350,750275,806649,1
409,410,50000,246,22,75,133,7,0,19735,1293,0,694,22,75,1,0,53363,681,130000,22,75,827,4,418,2,6,456,842028,910844,0
410,411,48000,1026,22,75,175,7,1,41040,1373,0,852,22,75,1,0,74545,343,200000,22,75,768,3,247,2,5,470,460993,215961,1
411,412,57000,1023,22,75,279,7,2,26214,925,0,671,22,75,1,0,79363,636,150000,22,75,900,4,362,2,3,703,122854,639511,1
412,413,95000,1772,22,75,284,7,1,7239,321,0,533,22,75,1,0,67396,978,270000,22,75,437,4,917,0,3,709,948413,806534,1
413,414,24000,487,22,75,181,7,0,17959,971,0,573,22,75,0,0,78487,594,170000,22,75,691,4,962,0,4,672,166831,448244,1
414,415,83000,200,22,75,193,7,2,20069,849,0,623,22,75,1,0,32880,906,250000,22,75,573,3,929,2,6,612,675245,848007,1
415,416,104000,248,22,75,282,7,1,46488,1805,0,296,22,75,0,0,79439,716,220000,22,75,435,4,589,0,3,483,343060,675262,1
416,417,40000,1425,22,75,111,7,0,37272,279,0,432,22,75,0,0,61942,609,220000,22,75,941,1,433,1,2,383,317756,115179,1
417,418,62500,1689,22,75,103,7,2,35575,564,0,112,22,75,0,0,15143,516,500000,22,75,562,4,247,2,7,310,320236,252161,1
418,419,45000,397,22,75,239,7,2,10647,937,0,899,22,75,1,0,35717,921,50000,22,75,593,3,738,0,3,815,138865,284028,1
419,420,41499,935,22,75,107,7,2,5897,1396,0,859,22,75,0,0,60266,444,240000,22,75,470,2,789,2,4,487,443406,181387,1
420,421,46574,1665,22,75,268,7,1,14228,1837,0,382,22,75,0,0,96253,255,210000,22,75,923,4,847,2,4,222,459998,151369,1
421,422,98000,1557,22,75,110,7,2,17591,1478,0,713,22,75,0,0,82112,301,220000,22,75,328,3,370,0,3,825,437893,553538,1
422,423,40500,1782,22,75,225,7,0,17848,659,0,117,22,75,1,0,32740,563,250000,22,75,587,2,446,2,7,292,414089,970205,1
423,424,89000,718,22,75,171,7,2,34478,1413,0,678,22,75,1,0,71789,253,160000,22,75,901,4,230,1,6,252,201810,730454,0
424,425,72000,1915,22,75,297,7,2,11131,1127,0,796,22,75,1,0,22508,676,130000,22,75,363,1,541,0,4,484,495421,377386,1
425,426,47000,1885,22,75,131,7,1,31330,1279,0,283,22,75,1,0,84775,322,280000,22,75,858,2,684,1,3,822,975433,619338,0
426,427,84000,229,22,75,188,7,0,16077,1510,0,774,22,75,1,0,74643,601,420000,22,75,857,1,555,0,5,224,470271,140303,0
427,428,195000,356,22,75,170,7,0,57525,820,0,775,22,75,1,0,14594,732,580000,22,75,974,3,667,0,7,327,536195,269257,1
428,429,60000,659,22,75,194,7,0,52800,1313,0,523,22,75,1,0,10746,317,240000,22,75,386,4,640,1,4,410,311124,533365,1
429,430,45000,1605,22,75,158,7,2,34771,1665,0,217,22,75,1,0,46313,308,290000,22,75,554,2,820,0,1,498,889689,408949,1
430,431,40000,1695,22,75,277,7,2,6096,1483,0,311,22,75,1,0,25232,812,280000,22,75,650,2,520,2,7,982,894244,162567,1
431,432,60000,310,22,75,191,7,0,32501,1846,0,154,22,75,1,0,86085,844,140000,22,75,481,4,578,0,1,459,289663,283049,1
432,433,120000,777,22,75,167,7,0,118860,1016,0,700,22,75,1,0,37040,201,230000,22,75,519,2,460,1,6,421,783608,227338,0
433,434,92000,288,22,75,109,7,2,19890,1464,0,670,22,75,0,0,37163,278,110000,22,75,382,1,458,2,1,519,254925,990716,1
434,435,59000,1428,22,75,163,7,0,36574,568,0,323,22,75,0,0,99408,379,260000,22,75,425,3,591,0,4,886,575362,258101,1
435,436,35000,1567,22,75,153,7,1,19897,1072,0,690,22,75,0,0,93750,833,240000,22,75,562,2,316,2,7,451,264601,316681,0
436,437,35000,618,22,75,226,7,0,24311,1912,0,356,22,75,1,0,55855,416,200000,22,75,881,3,333,2,1,889,266186,872428,1
437,438,50000,986,22,75,210,7,1,37165,519,0,622,22,75,0,0,81384,284,370000,22,75,321,3,219,0,4,784,311538,111623,1
438,439,90000,773,22,75,189,7,0,71208,1833,0,796,22,75,0,0,41351,515,180000,22,75,579,2,767,1,3,533,245055,329920,0
439,440,65000,324,22,75,107,7,1,18356,1572,0,717,22,75,1,0,36299,896,270000,22,75,872,3,229,1,7,694,407571,154998,1
440,441,42000,1201,22,75,190,7,1,33133,425,0,340,22,75,0,0,27118,486,120000,22,75,606,2,663,2,7,261,633803,200698,1
441,442,35000,1600,22,75,199,7,0,24090,1285,0,852,22,75,1,0,97669,518,510000,22,75,978,4,583,0,4,262,755706,569582,1
442,443,64320,1862,22,75,176,7,0,46574,1269,0,498,22,75,1,0,20743,859,280000,22,75,930,2,222,2,6,772,470828,348868,1
443,444,53000,1848,22,75,226,7,2,29372,1332,0,433,22,75,1,0,45801,494,230000,22,75,507,3,941,2,6,801,434873,773672,1
444,445,65000,728,22,75,140,7,0,56316,1840,0,700,22,75,0,0,79475,585,310000,22,75,640,1,201,0,4,409,829565,528596,1
445,446,33384,436,22,75,109,7,1,6473,1404,0,539,22,75,1,0,15233,600,300000,22,75,940,4,288,2,1,404,870611,643360,1
446,447,43000,835,22,75,211,7,1,18851,1566,0,532,22,75,0,0,91697,719,100000,22,75,579,4,233,2,6,600,142016,503024,0
447,448,44000,1190,22,75,110,7,2,26712,461,0,379,22,75,0,0,86176,481,270000,22,75,898,3,322,1,2,495,408935,959874,1
448,449,73000,1541,22,75,273,7,0,67882,750,0,580,22,75,1,0,19499,803,260000,22,75,800,3,435,0,5,534,647338,629488,1
449,450,82000,1986,22,75,187,7,2,39425,559,0,775,22,75,0,0,76044,619,240000,22,75,272,3,654,0,3,732,415541,558627,1
450,451,105000,1426,22,75,229,7,2,81658,1099,0,189,22,75,1,0,79735,637,360000,22,75,598,4,786,0,2,323,228906,900129,0
451,452,32500,1837,22,75,160,7,0,14761,1178,0,160,22,75,1,0,58391,585,80000,22,75,210,1,501,2,6,998,694385,417153,1
452,453,125000,244,22,75,244,7,1,25050,266,0,880,22,75,1,0,64538,822,220000,22,75,481,1,778,2,4,766,647336,179936,1
453,454,70000,480,22,75,294,7,1,59416,1992,0,666,22,75,0,0,86258,397,300000,22,75,676,1,722,2,2,304,521302,983453,0
454,455,46500,1140,22,75,213,7,2,39441,440,0,129,22,75,0,0,71782,587,500000,22,75,888,2,466,2,5,855,265685,898943,1
455,456,42000,1479,22,75,100,7,1,35889,853,0,286,22,75,1,0,36843,798,200000,22,75,981,2,257,1,2,391,735359,476496,1
456,457,62000,1375,22,75,144,7,1,34806,1771,0,174,22,75,0,0,93004,437,130000,22,75,268,1,612,0,3,743,487049,247052,1
457,458,33000,707,22,75,131,7,1,27733,1046,0,522,22,75,1,0,82126,417,200000,22,75,690,1,811,2,5,437,530730,660728,1
458,459,55000,593,22,75,215,7,1,37840,1901,0,369,22,75,0,0,55059,350,120000,22,75,597,1,449,2,7,471,382485,180170,1
459,460,56000,1904,22,75,256,7,0,30592,517,0,311,22,75,0,0,96381,257,110000,22,75,268,2,799,2,2,608,176821,691703,1
460,461,34000,1949,22,75,288,7,2,19913,315,0,371,22,75,1,0,31296,477,170000,22,75,647,4,817,2,4,632,216087,120602,1
461,462,39000,1729,22,75,231,7,1,32046,985,0,817,22,75,1,0,65923,865,280000,22,75,261,4,838,0,4,520,890664,72205,1
462,463,85000,398,22,75,130,7,2,24361,853,0,686,22,75,1,0,63180,981,260000,22,75,281,2,847,0,2,622,858429,884016,1
463,464,94500,1983,22,75,144,7,2,66641,1366,0,252,22,75,1,0,54873,616,290000,22,75,936,1,636,2,5,825,352561,634979,0
464,465,109152,1605,22,75,161,7,1,50177,1783,0,405,22,75,0,0,32900,277,200000,22,75,918,3,947,2,3,401,129102,836686,1
465,466,60000,274,22,75,253,7,2,59928,1843,0,263,22,75,1,0,56332,292,180000,22,75,443,2,708,0,1,690,522487,368672,1
466,467,60000,801,22,75,149,7,2,2646,1550,0,115,22,75,1,0,63766,763,60000,22,75,391,1,715,2,3,934,513740,418698,1
467,468,122000,1678,22,75,269,7,1,45225,1210,0,102,22,75,0,0,56057,636,370000,22,75,303,4,210,2,2,859,118138,594860,1
468,469,40000,1821,22,75,196,7,0,1044,1300,0,267,22,75,1,0,41917,333,170000,22,75,296,1,640,2,1,249,170624,128726,0
469,470,42238,591,22,75,297,7,2,42153,312,0,862,22,75,0,0,58843,512,110000,22,75,850,1,888,0,6,721,905374,59245,0
470,471,43653,1342,22,75,276,7,1,35267,1579,0,357,22,75,0,0,53857,813,330000,22,75,219,4,576,0,6,322,668680,847917,1
471,472,40000,1207,22,75,283,7,0,37960,1940,0,837,22,75,1,0,34010,523,80000,22,75,888,1,717,2,5,251,583975,990213,0
472,473,100000,876,22,75,210,7,0,17090,714,0,373,22,75,0,0,81570,316,320000,22,75,875,3,463,2,5,383,919160,643251,1
473,474,15000,1570,22,75,160,7,1,5133,1086,0,261,22,75,1,0,25567,906,60000,22,75,588,3,215,2,3,543,691803,144944,1
474,475,23559,463,22,75,288,7,2,7621,512,0,374,22,75,1,0,69331,422,200000,22,75,926,3,594,2,1,386,239471,732338,0
475,476,130000,583,22,75,244,7,2,119678,1177,0,442,22,75,0,0,61101,390,270000,22,75,940,4,232,0,5,238,297426,100096,1
476,477,36500,1564,22,75,211,7,0,4869,1829,0,517,22,75,0,0,98318,363,390000,22,75,344,4,610,2,5,775,621887,412819,1
477,478,62450,692,22,75,280,7,2,22875,1178,0,295,22,75,0,0,96563,723,410000,22,75,421,3,860,0,1,361,342924,442062,1
478,479,85000,1189,22,75,111,7,1,44965,533,0,492,22,75,0,0,79321,239,400000,22,75,523,3,787,0,4,248,267754,718448,0
479,480,64800,1460,22,75,227,7,2,3440,664,0,655,22,75,1,0,61044,282,210000,22,75,659,1,708,2,1,358,743059,896218,1
480,481,53038,369,22,75,222,7,1,46853,1062,0,154,22,75,0,0,98371,571,400000,22,75,936,4,255,2,2,766,976971,256065,1
481,482,68000,1658,22,75,123,7,1,57602,804,0,220,22,75,0,0,47802,417,210000,22,75,795,1,437,2,3,789,594180,928746,1
482,483,73000,1602,22,75,111,7,1,28521,232,0,689,22,75,0,0,88693,274,240000,22,75,806,4,220,0,2,445,123702,578347,1
483,484,75000,1223,22,75,199,7,1,54240,1434,0,488,22,75,1,0,86099,964,310000,22,75,951,3,237,0,3,508,663732,153974,1
484,485,51456,249,22,75,270,7,2,632,1977,0,477,22,75,1,0,12617,697,150000,22,75,695,1,388,0,2,588,269317,77958,1
485,486,65000,725,22,75,190,7,0,11797,1366,0,619,22,75,1,0,10570,325,260000,22,75,210,3,613,2,7,394,274386,446809,1
486,487,95000,1579,22,75,280,7,2,49599,1853,0,645,22,75,0,0,88205,849,220000,22,75,647,1,792,0,7,946,979462,953065,1
487,488,46824,1494,22,75,262,7,1,13967,1847,0,494,22,75,0,0,61690,597,320000,22,75,843,3,567,0,6,495,682925,586953,0
488,489,125000,647,22,75,106,7,2,60925,1636,0,308,22,75,1,0,31553,715,270000,22,75,264,1,521,2,7,355,638454,741752,1
489,490,90084,1705,22,75,207,7,0,12359,582,0,712,22,75,1,0,54460,803,250000,22,75,921,1,496,0,6,930,779314,439099,1
490,491,52000,886,22,75,134,7,0,24835,407,0,458,22,75,1,0,60821,687,220000,22,75,802,3,444,0,3,917,706212,549101,1
491,492,35000,1578,22,75,299,7,0,15876,1492,0,462,22,75,1,0,88411,831,150000,22,75,718,3,310,2,3,780,202713,570682,1
492,493,50000,1372,22,75,265,7,1,11695,1061,0,763,22,75,1,0,15895,482,360000,22,75,876,1,881,2,7,641,488525,837782,1
493,494,88000,1839,22,75,288,7,1,72028,932,0,545,22,75,0,0,61725,478,240000,22,75,734,4,726,0,1,229,234190,163170,1
494,495,36000,1313,22,75,214,7,0,2520,1453,0,129,22,75,1,0,46634,742,230000,22,75,473,3,506,1,7,495,384644,778495,1
495,496,65000,365,22,75,131,7,2,12902,1367,0,497,22,75,1,0,52111,748,260000,22,75,806,2,344,2,4,736,120466,856349,1
496,497,68000,731,22,75,273,7,0,37658,401,0,163,22,75,0,0,76865,326,100000,22,75,269,3,400,2,1,433,639940,354375,1
497,498,61000,1472,22,75,206,7,2,58883,673,0,207,22,75,0,0,32084,772,440000,22,75,409,1,829,0,1,984,601891,461917,1
498,499,42000,592,22,75,163,7,0,26098,1813,0,685,22,75,0,0,60661,487,200000,22,75,453,3,380,0,5,352,885032,196756,1
499,500,70000,1744,22,75,149,7,0,7189,1560,0,281,22,75,1,0,59976,735,150000,22,75,452,3,202,0,4,999,389813,443235,1
